Workbook

Sheet 00_Dashboard
A1: THE CODE — DASHBOARD COORDENAÇÃO
A2: Última construção: 07/05/2026 · Atualiza automaticamente ao reabrir o ficheiro
A4: TEMPO MÉDIO RESP. | D4: % CHAMADAS ATEND. | G4: % WALK-IN SALE | J4: % CONVERSÃO VISITA
A5: ='04_Comerciais'!J6 -> 0 | D5: ='04_Comerciais'!E6 -> 0 | G5: ='04_Comerciais'!H6 -> 0 | J5: ='04_Comerciais'!N6 -> 0
A7: Closum → 1º contacto | D7: Atendidas / efetuadas | G7: Sale / Walk-in | J7: Conversões / visitas
A9: LEADS RECEBIDAS | D9: VISITAS REALIZADAS | G9: CONVERSÕES | J9: LEADS SLA VIOLADO
A10: ='04_Comerciais'!I6 -> 0 | D10: ='04_Comerciais'!L6 -> 0 | G10: ='04_Comerciais'!M6 -> 0 | J10: =COUNTIF('02_Leads_Closum'!$J$3:$J$502,"VIOLADO") -> 0
A12: Período acumulado | D12: Período acumulado | G12: Vendas registadas | J12: Acima de 60 min
A14: PERFORMANCE POR COMERCIAL
A15: Comercial | B15: Unidade | C15: Cham. ef. | D15: Cham. at. | E15: % At. | F15: WI | G15: WI Sale | H15: % WI | I15: Leads | J15: T.médio (min) | K15: Visitas | L15: % Conv.
A16: ='04_Comerciais'!A3 -> [Nome do comercial CU] | B16: ='04_Comerciais'!B3 -> Cidade Universitária | C16: ='04_Comerciais'!C3 -> 0 | D16: ='04_Comerciais'!D3 -> 0 | E16: ='04_Comerciais'!E3 -> 0 | F16: ='04_Comerciais'!F3 -> 0 | G16: ='04_Comerciais'!G3 -> 0 | H16: ='04_Comerciais'!H3 -> 0 | ... J16: ='04_Comerciais'!J3 -> 0 | K16: ='04_Comerciais'!L3 -> 0 | L16: ='04_Comerciais'!N3 -> 0
A17: ='04_Comerciais'!A4 -> [Nome do comercial SD] | B17: ='04_Comerciais'!B4 -> Saldanha | C17: ='04_Comerciais'!C4 -> 0 | D17: ='04_Comerciais'!D4 -> 0 | E17: ='04_Comerciais'!E4 -> 0 | F17: ='04_Comerciais'!F4 -> 0 | G17: ='04_Comerciais'!G4 -> 0 | H17: ='04_Comerciais'!H4 -> 0 | ... J17: ='04_Comerciais'!J4 -> 0 | K17: ='04_Comerciais'!L4 -> 0 | L17: ='04_Comerciais'!N4 -> 0
A18: ='04_Comerciais'!A5 -> [Nome do comercial UN] | B18: ='04_Comerciais'!B5 -> Universidade Nova | C18: ='04_Comerciais'!C5 -> 0 | D18: ='04_Comerciais'!D5 -> 0 | E18: ='04_Comerciais'!E5 -> 0 | F18: ='04_Comerciais'!F5 -> 0 | G18: ='04_Comerciais'!G5 -> 0 | H18: ='04_Comerciais'!H5 -> 0 | ... J18: ='04_Comerciais'!J5 -> 0 | K18: ='04_Comerciais'!L5 -> 0 | L18: ='04_Comerciais'!N5 -> 0
A21: VISITAS DO DIA SEGUINTE — vista rápida | H21: ALERTAS
A22: Data | B22: Unidade | C22: Comercial | D22: Hora | E22: Cliente | F22: Plano | G22: Estado | H22: KPI | I22: Valor | J22: Meta | K22: Status | L22: Ação
A23: =IFERROR(IF('03_Visitas_DiaSeguinte'!A3="","",'03_Visitas_DiaSeguinte'!A3),"") | B23: =IFERROR(IF('03_Visitas_DiaSeguinte'!B3="","",'03_Visitas_DiaSeguinte'!B3),"") | C23: =IFERROR(IF('03_Visitas_DiaSeguinte'!C3="","",'03_Visitas_DiaSeguinte'!C3),"") | D23: =IFERROR(IF('03_Visitas_DiaSeguinte'!D3="","",'03_Visitas_DiaSeguinte'!D3),"") | E23: =IFERROR(IF('03_Visitas_DiaSeguinte'!E3="","",'03_Visitas_DiaSeguinte'!E3),"") | F23: =IFERROR(IF('03_Visitas_DiaSeguinte'!H3="","",'03_Visitas_DiaSeguinte'!H3),"") | G23: =IFERROR(IF('03_Visitas_DiaSeguinte'!I3="","",'03_Visitas_DiaSeguinte'!I3),"") | H23: Tempo resp. médio | I23: ='04_Comerciais'!J6 -> 0 | J23: ='13_Metas'!$C$3 -> 60 | K23: =IF(H23="","",IF(H23<=I23,"OK","DESVIO")) -> DESVIO | L23: =IF(K23="DESVIO","Rever cadência 7 tentativas","Manter") -> Rever cadência 7 tentativas
A24: =IFERROR(IF('03_Visitas_DiaSeguinte'!A4="","",'03_Visitas_DiaSeguinte'!A4),"") | B24: =IFERROR(IF('03_Visitas_DiaSeguinte'!B4="","",'03_Visitas_DiaSeguinte'!B4),"") | C24: =IFERROR(IF('03_Visitas_DiaSeguinte'!C4="","",'03_Visitas_DiaSeguinte'!C4),"") | D24: =IFERROR(IF('03_Visitas_DiaSeguinte'!D4="","",'03_Visitas_DiaSeguinte'!D4),"") | E24: =IFERROR(IF('03_Visitas_DiaSeguinte'!E4="","",'03_Visitas_DiaSeguinte'!E4),"") | F24: =IFERROR(IF('03_Visitas_DiaSeguinte'!H4="","",'03_Visitas_DiaSeguinte'!H4),"") | G24: =IFERROR(IF('03_Visitas_DiaSeguinte'!I4="","",'03_Visitas_DiaSeguinte'!I4),"") | H24: % Chamadas atendidas | I24: ='04_Comerciais'!E6 -> 0 | J24: ='13_Metas'!$C$4 -> 40% | K24: =IF(H24="","",IF(H24>=I24,"OK","DESVIO")) -> OK | L24: =IF(K24="DESVIO","Rever script + horários","Manter") -> Manter
A25: =IFERROR(IF('03_Visitas_DiaSeguinte'!A5="","",'03_Visitas_DiaSeguinte'!A5),"") | B25: =IFERROR(IF('03_Visitas_DiaSeguinte'!B5="","",'03_Visitas_DiaSeguinte'!B5),"") | C25: =IFERROR(IF('03_Visitas_DiaSeguinte'!C5="","",'03_Visitas_DiaSeguinte'!C5),"") | D25: =IFERROR(IF('03_Visitas_DiaSeguinte'!D5="","",'03_Visitas_DiaSeguinte'!D5),"") | E25: =IFERROR(IF('03_Visitas_DiaSeguinte'!E5="","",'03_Visitas_DiaSeguinte'!E5),"") | F25: =IFERROR(IF('03_Visitas_DiaSeguinte'!H5="","",'03_Visitas_DiaSeguinte'!H5),"") | G25: =IFERROR(IF('03_Visitas_DiaSeguinte'!I5="","",'03_Visitas_DiaSeguinte'!I5),"") | H25: % Walk-in sale | I25: ='04_Comerciais'!H6 -> 0 | J25: ='13_Metas'!$C$5 -> 30% | K25: =IF(H25="","",IF(H25>=I25,"OK","DESVIO")) -> OK | L25: =IF(K25="DESVIO","Reforçar visita comercial","Manter") -> Manter
A26: =IFERROR(IF('03_Visitas_DiaSeguinte'!A6="","",'03_Visitas_DiaSeguinte'!A6),"") | B26: =IFERROR(IF('03_Visitas_DiaSeguinte'!B6="","",'03_Visitas_DiaSeguinte'!B6),"") | C26: =IFERROR(IF('03_Visitas_DiaSeguinte'!C6="","",'03_Visitas_DiaSeguinte'!C6),"") | D26: =IFERROR(IF('03_Visitas_DiaSeguinte'!D6="","",'03_Visitas_DiaSeguinte'!D6),"") | E26: =IFERROR(IF('03_Visitas_DiaSeguinte'!E6="","",'03_Visitas_DiaSeguinte'!E6),"") | F26: =IFERROR(IF('03_Visitas_DiaSeguinte'!H6="","",'03_Visitas_DiaSeguinte'!H6),"") | G26: =IFERROR(IF('03_Visitas_DiaSeguinte'!I6="","",'03_Visitas_DiaSeguinte'!I6),"") | H26: % Conversão visita | I26: ='04_Comerciais'!N6 -> 0 | J26: ='13_Metas'!$C$10 -> 45% | K26: =IF(H26="","",IF(H26>=I26,"OK","DESVIO")) -> OK | L26: =IF(K26="DESVIO","Coaching fecho de venda","Manter") -> Manter
A27: =IFERROR(IF('03_Visitas_DiaSeguinte'!A7="","",'03_Visitas_DiaSeguinte'!A7),"") | B27: =IFERROR(IF('03_Visitas_DiaSeguinte'!B7="","",'03_Visitas_DiaSeguinte'!B7),"") | C27: =IFERROR(IF('03_Visitas_DiaSeguinte'!C7="","",'03_Visitas_DiaSeguinte'!C7),"") | D27: =IFERROR(IF('03_Visitas_DiaSeguinte'!D7="","",'03_Visitas_DiaSeguinte'!D7),"") | E27: =IFERROR(IF('03_Visitas_DiaSeguinte'!E7="","",'03_Visitas_DiaSeguinte'!E7),"") | F27: =IFERROR(IF('03_Visitas_DiaSeguinte'!H7="","",'03_Visitas_DiaSeguinte'!H7),"") | G27: =IFERROR(IF('03_Visitas_DiaSeguinte'!I7="","",'03_Visitas_DiaSeguinte'!I7),"") | H27: Leads SLA violado | I27: =COUNTIF('02_Leads_Closum'!$J$3:$J$502,"VIOLADO") -> 0 | J27: 0 | K27: =IF(H27="","",IF(H27<=I27,"OK","DESVIO")) -> DESVIO | L27: =IF(K27="DESVIO","Contactar imediatamente","Manter") -> Contactar imediatamente
A28: =IFERROR(IF('03_Visitas_DiaSeguinte'!A8="","",'03_Visitas_DiaSeguinte'!A8),"") | B28: =IFERROR(IF('03_Visitas_DiaSeguinte'!B8="","",'03_Visitas_DiaSeguinte'!B8),"") | C28: =IFERROR(IF('03_Visitas_DiaSeguinte'!C8="","",'03_Visitas_DiaSeguinte'!C8),"") | D28: =IFERROR(IF('03_Visitas_DiaSeguinte'!D8="","",'03_Visitas_DiaSeguinte'!D8),"") | E28: =IFERROR(IF('03_Visitas_DiaSeguinte'!E8="","",'03_Visitas_DiaSeguinte'!E8),"") | F28: =IFERROR(IF('03_Visitas_DiaSeguinte'!H8="","",'03_Visitas_DiaSeguinte'!H8),"") | G28: =IFERROR(IF('03_Visitas_DiaSeguinte'!I8="","",'03_Visitas_DiaSeguinte'!I8),"")
A29: =IFERROR(IF('03_Visitas_DiaSeguinte'!A9="","",'03_Visitas_DiaSeguinte'!A9),"") | B29: =IFERROR(IF('03_Visitas_DiaSeguinte'!B9="","",'03_Visitas_DiaSeguinte'!B9),"") | C29: =IFERROR(IF('03_Visitas_DiaSeguinte'!C9="","",'03_Visitas_DiaSeguinte'!C9),"") | D29: =IFERROR(IF('03_Visitas_DiaSeguinte'!D9="","",'03_Visitas_DiaSeguinte'!D9),"") | E29: =IFERROR(IF('03_Visitas_DiaSeguinte'!E9="","",'03_Visitas_DiaSeguinte'!E9),"") | F29: =IFERROR(IF('03_Visitas_DiaSeguinte'!H9="","",'03_Visitas_DiaSeguinte'!H9),"") | G29: =IFERROR(IF('03_Visitas_DiaSeguinte'!I9="","",'03_Visitas_DiaSeguinte'!I9),"")
A30: =IFERROR(IF('03_Visitas_DiaSeguinte'!A10="","",'03_Visitas_DiaSeguinte'!A10),"") | B30: =IFERROR(IF('03_Visitas_DiaSeguinte'!B10="","",'03_Visitas_DiaSeguinte'!B10),"") | C30: =IFERROR(IF('03_Visitas_DiaSeguinte'!C10="","",'03_Visitas_DiaSeguinte'!C10),"") | D30: =IFERROR(IF('03_Visitas_DiaSeguinte'!D10="","",'03_Visitas_DiaSeguinte'!D10),"") | E30: =IFERROR(IF('03_Visitas_DiaSeguinte'!E10="","",'03_Visitas_DiaSeguinte'!E10),"") | F30: =IFERROR(IF('03_Visitas_DiaSeguinte'!H10="","",'03_Visitas_DiaSeguinte'!H10),"") | G30: =IFERROR(IF('03_Visitas_DiaSeguinte'!I10="","",'03_Visitas_DiaSeguinte'!I10),"")
A31: =IFERROR(IF('03_Visitas_DiaSeguinte'!A11="","",'03_Visitas_DiaSeguinte'!A11),"") | B31: =IFERROR(IF('03_Visitas_DiaSeguinte'!B11="","",'03_Visitas_DiaSeguinte'!B11),"") | C31: =IFERROR(IF('03_Visitas_DiaSeguinte'!C11="","",'03_Visitas_DiaSeguinte'!C11),"") | D31: =IFERROR(IF('03_Visitas_DiaSeguinte'!D11="","",'03_Visitas_DiaSeguinte'!D11),"") | E31: =IFERROR(IF('03_Visitas_DiaSeguinte'!E11="","",'03_Visitas_DiaSeguinte'!E11),"") | F31: =IFERROR(IF('03_Visitas_DiaSeguinte'!H11="","",'03_Visitas_DiaSeguinte'!H11),"") | G31: =IFERROR(IF('03_Visitas_DiaSeguinte'!I11="","",'03_Visitas_DiaSeguinte'!I11),"")
A32: =IFERROR(IF('03_Visitas_DiaSeguinte'!A12="","",'03_Visitas_DiaSeguinte'!A12),"") | B32: =IFERROR(IF('03_Visitas_DiaSeguinte'!B12="","",'03_Visitas_DiaSeguinte'!B12),"") | C32: =IFERROR(IF('03_Visitas_DiaSeguinte'!C12="","",'03_Visitas_DiaSeguinte'!C12),"") | D32: =IFERROR(IF('03_Visitas_DiaSeguinte'!D12="","",'03_Visitas_DiaSeguinte'!D12),"") | E32: =IFERROR(IF('03_Visitas_DiaSeguinte'!E12="","",'03_Visitas_DiaSeguinte'!E12),"") | F32: =IFERROR(IF('03_Visitas_DiaSeguinte'!H12="","",'03_Visitas_DiaSeguinte'!H12),"") | G32: =IFERROR(IF('03_Visitas_DiaSeguinte'!I12="","",'03_Visitas_DiaSeguinte'!I12),"")
A33: =IFERROR(IF('03_Visitas_DiaSeguinte'!A13="","",'03_Visitas_DiaSeguinte'!A13),"") | B33: =IFERROR(IF('03_Visitas_DiaSeguinte'!B13="","",'03_Visitas_DiaSeguinte'!B13),"") | C33: =IFERROR(IF('03_Visitas_DiaSeguinte'!C13="","",'03_Visitas_DiaSeguinte'!C13),"") | D33: =IFERROR(IF('03_Visitas_DiaSeguinte'!D13="","",'03_Visitas_DiaSeguinte'!D13),"") | E33: =IFERROR(IF('03_Visitas_DiaSeguinte'!E13="","",'03_Visitas_DiaSeguinte'!E13),"") | F33: =IFERROR(IF('03_Visitas_DiaSeguinte'!H13="","",'03_Visitas_DiaSeguinte'!H13),"") | G33: =IFERROR(IF('03_Visitas_DiaSeguinte'!I13="","",'03_Visitas_DiaSeguinte'!I13),"")
A34: =IFERROR(IF('03_Visitas_DiaSeguinte'!A14="","",'03_Visitas_DiaSeguinte'!A14),"") | B34: =IFERROR(IF('03_Visitas_DiaSeguinte'!B14="","",'03_Visitas_DiaSeguinte'!B14),"") | C34: =IFERROR(IF('03_Visitas_DiaSeguinte'!C14="","",'03_Visitas_DiaSeguinte'!C14),"") | D34: =IFERROR(IF('03_Visitas_DiaSeguinte'!D14="","",'03_Visitas_DiaSeguinte'!D14),"") | E34: =IFERROR(IF('03_Visitas_DiaSeguinte'!E14="","",'03_Visitas_DiaSeguinte'!E14),"") | F34: =IFERROR(IF('03_Visitas_DiaSeguinte'!H14="","",'03_Visitas_DiaSeguinte'!H14),"") | G34: =IFERROR(IF('03_Visitas_DiaSeguinte'!I14="","",'03_Visitas_DiaSeguinte'!I14),"")

Sheet 01_Inputs_Diarios
A1: INPUTS DIÁRIOS — Lançamento manual ou import CSV
A2: Data | B2: Unidade | C2: Comercial | D2: Chamadas efetuadas | E2: Chamadas atendidas | F2: Walk-in | G2: Walk-in sale | H2: Contactos angariados | I2: Leads recebidas | J2: Marcações | K2: Visitas | L2: Conversões | M2: Notas

Sheet 02_Leads_Closum
A1: LEADS CLOSUM — Tempo de resposta automatizado (SLA: 1h)
A2: Lead ID | B2: Nome | C2: Telefone | D2: Origem | E2: Entrada Closum (data/hora) | F2: Comercial | G2: Primeiro contacto (data/hora) | H2: Canal | I2: Tempo resposta (min) | J2: SLA (≤60 min) | K2: Resultado | L2: Notas
I3: =IF(AND(ISNUMBER(E3),ISNUMBER(G3)),(G3-E3)*1440,"") | J3: =IF(E3="","",IF(ISNUMBER(I3),IF(I3<=60,"OK","VIOLADO"),"Sem contacto"))
I4: =IF(AND(ISNUMBER(E4),ISNUMBER(G4)),(G4-E4)*1440,"") | J4: =IF(E4="","",IF(ISNUMBER(I4),IF(I4<=60,"OK","VIOLADO"),"Sem contacto"))
I5: =IF(AND(ISNUMBER(E5),ISNUMBER(G5)),(G5-E5)*1440,"") | J5: =IF(E5="","",IF(ISNUMBER(I5),IF(I5<=60,"OK","VIOLADO"),"Sem contacto"))
I6: =IF(AND(ISNUMBER(E6),ISNUMBER(G6)),(G6-E6)*1440,"") | J6: =IF(E6="","",IF(ISNUMBER(I6),IF(I6<=60,"OK","VIOLADO"),"Sem contacto"))
I7: =IF(AND(ISNUMBER(E7),ISNUMBER(G7)),(G7-E7)*1440,"") | J7: =IF(E7="","",IF(ISNUMBER(I7),IF(I7<=60,"OK","VIOLADO"),"Sem contacto"))
I8: =IF(AND(ISNUMBER(E8),ISNUMBER(G8)),(G8-E8)*1440,"") | J8: =IF(E8="","",IF(ISNUMBER(I8),IF(I8<=60,"OK","VIOLADO"),"Sem contacto"))
I9: =IF(AND(ISNUMBER(E9),ISNUMBER(G9)),(G9-E9)*1440,"") | J9: =IF(E9="","",IF(ISNUMBER(I9),IF(I9<=60,"OK","VIOLADO"),"Sem contacto"))
I10: =IF(AND(ISNUMBER(E10),ISNUMBER(G10)),(G10-E10)*1440,"") | J10: =IF(E10="","",IF(ISNUMBER(I10),IF(I10<=60,"OK","VIOLADO"),"Sem contacto"))
I11: =IF(AND(ISNUMBER(E11),ISNUMBER(G11)),(G11-E11)*1440,"") | J11: =IF(E11="","",IF(ISNUMBER(I11),IF(I11<=60,"OK","VIOLADO"),"Sem contacto"))
I12: =IF(AND(ISNUMBER(E12),ISNUMBER(G12)),(G12-E12)*1440,"") | J12: =IF(E12="","",IF(ISNUMBER(I12),IF(I12<=60,"OK","VIOLADO"),"Sem contacto"))
I13: =IF(AND(ISNUMBER(E13),ISNUMBER(G13)),(G13-E13)*1440,"") | J13: =IF(E13="","",IF(ISNUMBER(I13),IF(I13<=60,"OK","VIOLADO"),"Sem contacto"))
I14: =IF(AND(ISNUMBER(E14),ISNUMBER(G14)),(G14-E14)*1440,"") | J14: =IF(E14="","",IF(ISNUMBER(I14),IF(I14<=60,"OK","VIOLADO"),"Sem contacto"))
... I502: =IF(AND(ISNUMBER(E502),ISNUMBER(G502)),(G502-E502)*1440,"") | J502: =IF(E502="","",IF(ISNUMBER(I502),IF(I502<=60,"OK","VIOLADO"),"Sem contacto"))

Sheet 03_Visitas_DiaSeguinte
A1: VISITAS DO DIA SEGUINTE — Submissão dos comerciais
A2: Data visita | B2: Unidade | C2: Comercial | D2: Hora | E2: Cliente | F2: Telefone | G2: Origem lead | H2: Plano de interesse | I2: Estado | J2: Resultado | K2: Notas

Sheet 04_Comerciais
A1: PERFORMANCE COMERCIAIS — Cálculo automático
A2: Comercial | B2: Unidade | C2: Chamadas ef. | D2: Chamadas at. | E2: % Atendidas | F2: Walk-in | G2: Walk-in sale | H2: % WI Sale | I2: Leads recebidas | J2: Tempo médio resp. (min) | K2: Marcações | L2: Visitas | M2: Conversões | N2: % Conversão
A3: ='14_Equipa'!B3 -> [Nome do comercial CU] | B3: ='14_Equipa'!A3 -> Cidade Universitária | C3: =SUMIFS('01_Inputs_Diarios'!$D$3:$D$250,'01_Inputs_Diarios'!$C$3:$C$250,A3) -> 0 | D3: =SUMIFS('01_Inputs_Diarios'!$E$3:$E$250,'01_Inputs_Diarios'!$C$3:$C$250,A3) -> 0 | E3: =IFERROR(D3/C3,0) -> 0 | F3: =SUMIFS('01_Inputs_Diarios'!$F$3:$F$250,'01_Inputs_Diarios'!$C$3:$C$250,A3) -> 0 | G3: =SUMIFS('01_Inputs_Diarios'!$G$3:$G$250,'01_Inputs_Diarios'!$C$3:$C$250,A3) -> 0 | H3: =IFERROR(G3/F3,0) -> 0 | I3: =SUMIFS('01_Inputs_Diarios'!$I$3:$I$250,'01_Inputs_Diarios'!$C$3:$C$250,A3) -> 0 | J3: =IFERROR(AVERAGEIFS('02_Leads_Closum'!$I$3:$I$502,'02_Leads_Closum'!$F$3:$F$502,A3,'02_Leads_Closum'!$I$3:$I$502,">0"),0) -> 0 | K3: =SUMIFS('01_Inputs_Diarios'!$J$3:$J$250,'01_Inputs_Diarios'!$C$3:$C$250,A3) -> 0 | L3: =SUMIFS('01_Inputs_Diarios'!$K$3:$K$250,'01_Inputs_Diarios'!$C$3:$C$250,A3) -> 0 | M3: =SUMIFS('01_Inputs_Diarios'!$L$3:$L$250,'01_Inputs_Diarios'!$C$3:$C$250,A3) -> 0 | N3: =IFERROR(M3/L3,0) -> 0
A4: ='14_Equipa'!B4 -> [Nome do comercial SD] | B4: ='14_Equipa'!A4 -> Saldanha | C4: =SUMIFS('01_Inputs_Diarios'!$D$3:$D$250,'01_Inputs_Diarios'!$C$3:$C$250,A4) -> 0 | D4: =SUMIFS('01_Inputs_Diarios'!$E$3:$E$250,'01_Inputs_Diarios'!$C$3:$C$250,A4) -> 0 | E4: =IFERROR(D4/C4,0) -> 0 | F4: =SUMIFS('01_Inputs_Diarios'!$F$3:$F$250,'01_Inputs_Diarios'!$C$3:$C$250,A4) -> 0 | G4: =SUMIFS('01_Inputs_Diarios'!$G$3:$G$250,'01_Inputs_Diarios'!$C$3:$C$250,A4) -> 0 | H4: =IFERROR(G4/F4,0) -> 0 | I4: =SUMIFS('01_Inputs_Diarios'!$I$3:$I$250,'01_Inputs_Diarios'!$C$3:$C$250,A4) -> 0 | J4: =IFERROR(AVERAGEIFS('02_Leads_Closum'!$I$3:$I$502,'02_Leads_Closum'!$F$3:$F$502,A4,'02_Leads_Closum'!$I$3:$I$502,">0"),0) -> 0 | K4: =SUMIFS('01_Inputs_Diarios'!$J$3:$J$250,'01_Inputs_Diarios'!$C$3:$C$250,A4) -> 0 | L4: =SUMIFS('01_Inputs_Diarios'!$K$3:$K$250,'01_Inputs_Diarios'!$C$3:$C$250,A4) -> 0 | M4: =SUMIFS('01_Inputs_Diarios'!$L$3:$L$250,'01_Inputs_Diarios'!$C$3:$C$250,A4) -> 0 | N4: =IFERROR(M4/L4,0) -> 0
A5: ='14_Equipa'!B5 -> [Nome do comercial UN] | B5: ='14_Equipa'!A5 -> Universidade Nova | C5: =SUMIFS('01_Inputs_Diarios'!$D$3:$D$250,'01_Inputs_Diarios'!$C$3:$C$250,A5) -> 0 | D5: =SUMIFS('01_Inputs_Diarios'!$E$3:$E$250,'01_Inputs_Diarios'!$C$3:$C$250,A5) -> 0 | E5: =IFERROR(D5/C5,0) -> 0 | F5: =SUMIFS('01_Inputs_Diarios'!$F$3:$F$250,'01_Inputs_Diarios'!$C$3:$C$250,A5) -> 0 | G5: =SUMIFS('01_Inputs_Diarios'!$G$3:$G$250,'01_Inputs_Diarios'!$C$3:$C$250,A5) -> 0 | H5: =IFERROR(G5/F5,0) -> 0 | I5: =SUMIFS('01_Inputs_Diarios'!$I$3:$I$250,'01_Inputs_Diarios'!$C$3:$C$250,A5) -> 0 | J5: =IFERROR(AVERAGEIFS('02_Leads_Closum'!$I$3:$I$502,'02_Leads_Closum'!$F$3:$F$502,A5,'02_Leads_Closum'!$I$3:$I$502,">0"),0) -> 0 | K5: =SUMIFS('01_Inputs_Diarios'!$J$3:$J$250,'01_Inputs_Diarios'!$C$3:$C$250,A5) -> 0 | L5: =SUMIFS('01_Inputs_Diarios'!$K$3:$K$250,'01_Inputs_Diarios'!$C$3:$C$250,A5) -> 0 | M5: =SUMIFS('01_Inputs_Diarios'!$L$3:$L$250,'01_Inputs_Diarios'!$C$3:$C$250,A5) -> 0 | N5: =IFERROR(M5/L5,0) -> 0
A6: TOTAL | B6: — | C6: =SUM(C3:C5) -> 0 | D6: =SUM(D3:D5) -> 0 | E6: =IFERROR(D6/C6,0) -> 0 | F6: =SUM(F3:F5) -> 0 | G6: =SUM(G3:G5) -> 0 | H6: =IFERROR(G6/F6,0) -> 0 | I6: =SUM(I3:I5) -> 0 | J6: =IFERROR(AVERAGE(J3:J5),0) -> 0 | K6: =SUM(K3:K5) -> 0 | L6: =SUM(L3:L5) -> 0 | M6: =SUM(M3:M5) -> 0 | N6: =IFERROR(M6/L6,0) -> 0

Sheet 05_KPIs_Mensais
A1: KPIs MENSAIS — Histórico (preenchimento manual no fecho de mês)
A2: Mês | B2: Unidade | C2: KPI | D2: Real | E2: Meta | F2: Desvio | G2: Tendência | H2: Plano de ação
F3: =IFERROR(D3-E3,"") -> 0
F4: =IFERROR(D4-E4,"") -> 0
F5: =IFERROR(D5-E5,"") -> 0
F6: =IFERROR(D6-E6,"") -> 0
F7: =IFERROR(D7-E7,"") -> 0
F8: =IFERROR(D8-E8,"") -> 0
F9: =IFERROR(D9-E9,"") -> 0
F10: =IFERROR(D10-E10,"") -> 0
F11: =IFERROR(D11-E11,"") -> 0
F12: =IFERROR(D12-E12,"") -> 0
F13: =IFERROR(D13-E13,"") -> 0
F14: =IFERROR(D14-E14,"") -> 0
... F98: =IFERROR(D98-E98,"") -> 0

Sheet 06_Reunioes_Diarias
A1: REUNIÕES DIÁRIAS — Log (10–15 min, foco execução)
A2: Data | B2: Unidade | C2: Performance dia anterior | D2: Riscos da operação | E2: 3 Prioridades do dia | F2: Ações sobre prioridades | G2: Bloqueios | H2: Output definido

Sheet 07_Reunioes_Semanais
A1: REUNIÕES SEMANAIS — Correção de execução
A2: Semana (dd/mm) | B2: Unidade | C2: KPIs Real vs Meta | D2: Tendência vs sem. ant. | E2: Pipeline status | F2: Desvios | G2: Plano de correção | H2: Ações atribuídas | I2: Responsável | Prazo

Sheet 08_Reunioes_Mensais
A1: REUNIÕES MENSAIS — Sustentabilidade do modelo
A2: Mês | B2: Performance global | C2: Tendências | D2: Avaliação equipa | E2: Decisões registadas | F2: Ajustes operacionais | G2: Plano mês seguinte

Sheet 09_Onboarding_30d
A1: ONBOARDING — Pós-venda 24h / 7d / 30d
A2: Cliente | B2: Data adesão | C2: Comercial | D2: Unidade | E2: Plano | F2: Contacto 24h | G2: Visita 7d | H2: Avaliação 30d | I2: Estado 30d | J2: Risco? | K2: Notas
J3: =IF(OR(F3="Não feito",G3="Não feito",I3="Em risco"),"⚠ SIM","")
J4: =IF(OR(F4="Não feito",G4="Não feito",I4="Em risco"),"⚠ SIM","")
J5: =IF(OR(F5="Não feito",G5="Não feito",I5="Em risco"),"⚠ SIM","")
J6: =IF(OR(F6="Não feito",G6="Não feito",I6="Em risco"),"⚠ SIM","")
J7: =IF(OR(F7="Não feito",G7="Não feito",I7="Em risco"),"⚠ SIM","")
J8: =IF(OR(F8="Não feito",G8="Não feito",I8="Em risco"),"⚠ SIM","")
J9: =IF(OR(F9="Não feito",G9="Não feito",I9="Em risco"),"⚠ SIM","")
J10: =IF(OR(F10="Não feito",G10="Não feito",I10="Em risco"),"⚠ SIM","")
J11: =IF(OR(F11="Não feito",G11="Não feito",I11="Em risco"),"⚠ SIM","")
J12: =IF(OR(F12="Não feito",G12="Não feito",I12="Em risco"),"⚠ SIM","")
J13: =IF(OR(F13="Não feito",G13="Não feito",I13="Em risco"),"⚠ SIM","")
J14: =IF(OR(F14="Não feito",G14="Não feito",I14="Em risco"),"⚠ SIM","")
... J199: =IF(OR(F199="Não feito",G199="Não feito",I199="Em risco"),"⚠ SIM","")

Sheet 10_Devedores
A1: DEVEDORES — Listagem e follow-up
A2: Cliente | B2: Unidade | C2: Valor em atraso (€) | D2: Dias atraso | E2: Última tentativa | F2: Próxima ação | G2: Responsável | H2: Estado

Sheet 11_Cancelamentos
A1: CANCELAMENTOS — Registo (28 dias aviso prévio)
A2: Cliente | B2: Unidade | C2: Data pedido | D2: Motivo | E2: Tentativa retenção? | F2: Dívida verificada? | G2: Data efetivo | H2: Notas

Sheet 12_Suspensoes
A1: SUSPENSÕES — 28 dias/ano gratuitos · 5€/14d excedente · 14d antecedência
A2: Cliente | B2: Unidade | C2: Data pedido | D2: Início | E2: Fim | F2: Dias | G2: Cobrança (€) | H2: Notas
F3: =IFERROR(IF(AND(ISNUMBER(D3),ISNUMBER(E3)),E3-D3+1,""),"")
F4: =IFERROR(IF(AND(ISNUMBER(D4),ISNUMBER(E4)),E4-D4+1,""),"")
F5: =IFERROR(IF(AND(ISNUMBER(D5),ISNUMBER(E5)),E5-D5+1,""),"")
F6: =IFERROR(IF(AND(ISNUMBER(D6),ISNUMBER(E6)),E6-D6+1,""),"")
F7: =IFERROR(IF(AND(ISNUMBER(D7),ISNUMBER(E7)),E7-D7+1,""),"")
F8: =IFERROR(IF(AND(ISNUMBER(D8),ISNUMBER(E8)),E8-D8+1,""),"")
F9: =IFERROR(IF(AND(ISNUMBER(D9),ISNUMBER(E9)),E9-D9+1,""),"")
F10: =IFERROR(IF(AND(ISNUMBER(D10),ISNUMBER(E10)),E10-D10+1,""),"")
F11: =IFERROR(IF(AND(ISNUMBER(D11),ISNUMBER(E11)),E11-D11+1,""),"")
F12: =IFERROR(IF(AND(ISNUMBER(D12),ISNUMBER(E12)),E12-D12+1,""),"")
F13: =IFERROR(IF(AND(ISNUMBER(D13),ISNUMBER(E13)),E13-D13+1,""),"")
F14: =IFERROR(IF(AND(ISNUMBER(D14),ISNUMBER(E14)),E14-D14+1,""),"")
... F99: =IFERROR(IF(AND(ISNUMBER(D99),ISNUMBER(E99)),E99-D99+1,""),"")

Sheet 13_Metas
A1: METAS — KPIs de referência (editar conforme direção definir)
A2: KPI | B2: Meta mínima | C2: Meta standard | D2: Meta excelência | E2: Notas
A3: Tempo médio contacto a lead nova (min) | B3: 90 | C3: 60 | D3: 30 | E3: SLA manual: 1h
A4: % Chamadas atendidas | B4: 30% | C4: 40% | D4: 55% | E4: Atendidas / Efetuadas
A5: % Walk-in sale | B5: 20% | C5: 30% | D5: 45% | E5: Walk-in sale / Walk-in
A6: % Contactos angariados | B6: — | C6: — | D6: — | E6: Definir base de cálculo
A7: % Leads recebidas (qualificadas) | B7: — | C7: — | D7: — | E7: Definir base
A8: % Contactos / marcações | B8: 25% | C8: 35% | D8: 50% | E8: Marcações / Contactos efetivos
A9: % Marcações / visitas | B9: 60% | C9: 75% | D9: 90% | E9: Visitas / Marcações
A10: % Visitas / conversão | B10: 30% | C10: 45% | D10: 60% | E10: Vendas / Visitas

Sheet 14_Equipa
A1: EQUIPA — Configuração
A2: Unidade | B2: Comercial | C2: Email | D2: Data início | E2: Estado
A3: Cidade Universitária | B3: [Nome do comercial CU] | E3: Ativo
A4: Saldanha | B4: [Nome do comercial SD] | E4: Ativo
A5: Universidade Nova | B5: [Nome do comercial UN] | E5: Ativo

Sheet 99_LeiaMe
A1: LEIA-ME — Como usar o workbook
A3: Estrutura
A4: Abas numeradas. 00 é o Dashboard (resumo). 01–04 são dados. 05–08 são reuniões. 09–12 são gestão de clientes. 13–14 são configuração.
A5: Onde lançar dados
A6: 01_Inputs_Diarios para chamadas, walk-ins, contactos, marcações, visitas e conversões. 02_Leads_Closum para o funil de leads (idealmente alimentado pelo script de automação). 03_Visitas_DiaSeguinte para os comerciais submeterem.
A7: Cálculos automáticos
A8: Tempo de resposta a leads (col I de 02), SLA (col J), % atendidas, % WI sale, % conversão (em 04 e Dashboard). Onboarding marca risco quando algum checkpoint falha.
A9: Metas
A10: Editar 13_Metas. Os semáforos do Dashboard reagem a estas células — não modificar fórmulas.
A11: Equipa
A12: Editar 14_Equipa para adicionar/alterar comerciais. Todos os dropdowns puxam daqui.
A13: Automação Closum
... A18: Manual: nenhuma reunião sem dados preparados; nenhuma reunião termina sem output; nenhum KPI sem comparação temporal; nenhum desvio sem plano de ação.
